brand,model,year,future_year,predicted_price
Audi, A1,2014,2025,9889
Audi, A1,2014,2026,9766
Audi, A1,2014,2027,9404
Audi, A1,2014,2028,9442
Audi, A1,2014,2029,9865
Audi, A1,2014,2030,10115
Audi, A1,2014,2031,10231
Audi, A1,2014,2032,10299
Audi, A1,2014,2033,10240
Audi, A1,2014,2034,10201
Hyundai, Karoq,2003,2025,3035
Hyundai, Karoq,2003,2026,3035
Hyundai, Karoq,2003,2027,3035
Hyundai, Karoq,2003,2028,3035
Hyundai, Karoq,2003,2029,3035
Hyundai, Karoq,2003,2030,3035
Hyundai, Karoq,2003,2031,3035
Hyundai, Karoq,2003,2032,3035
Hyundai, Karoq,2003,2033,3035
Hyundai, Karoq,2003,2034,3035
Audi, A3,2020,2025,18094
Audi, A3,2020,2026,18042
Audi, A3,2020,2027,17860
Audi, A3,2020,2028,17860
Audi, A3,2020,2029,17860
Audi, A3,2020,2030,17860
Audi, A3,2020,2031,17860
Audi, A3,2020,2032,17860
Audi, A3,2020,2033,17860
Audi, A3,2020,2034,17860
Audi, A4,2011,2025,6970
Audi, A4,2011,2026,7370
Audi, A4,2011,2027,7667
Audi, A4,2011,2028,7881
Audi, A4,2011,2029,8057
Audi, A4,2011,2030,8339
Audi, A4,2011,2031,8422
Audi, A4,2011,2032,8416
Audi, A4,2011,2033,8611
Audi, A4,2011,2034,8706
Audi, A5,2019,2025,23764
Audi, A5,2019,2026,21950
Audi, A5,2019,2027,21919
Audi, A5,2019,2028,21919
Audi, A5,2019,2029,22432
Audi, A5,2019,2030,21942
Audi, A5,2019,2031,21942
Audi, A5,2019,2032,22637
Audi, A5,2019,2033,22563
Audi, A5,2019,2034,25302
Audi, A6,2018,2025,24077
Audi, A6,2018,2026,24700
Audi, A6,2018,2027,25052
Audi, A6,2018,2028,23861
Audi, A6,2018,2029,23873
Audi, A6,2018,2030,23606
Audi, A6,2018,2031,23606
Audi, A6,2018,2032,23606
Audi, A6,2018,2033,23624
Audi, A6,2018,2034,23624
Audi, A7,2017,2025,33345
Audi, A7,2017,2026,35494
Audi, A7,2017,2027,40894
Audi, A7,2017,2028,53860
Audi, A7,2017,2029,88242
Audi, A7,2017,2030,113776
Audi, A7,2017,2031,94879
Audi, A7,2017,2032,94879
Audi, A7,2017,2033,94879
Audi, A7,2017,2034,94879
Audi, A8,2019,2025,49498
Audi, A8,2019,2026,49181
Audi, A8,2019,2027,49074
Audi, A8,2019,2028,49102
Audi, A8,2019,2029,48669
Audi, A8,2019,2030,48684
Audi, A8,2019,2031,48665
Audi, A8,2019,2032,49594
Audi, A8,2019,2033,49659
Audi, A8,2019,2034,49614
Audi, Q2,2019,2025,30184
Audi, Q2,2019,2026,30114
Audi, Q2,2019,2027,30354
Audi, Q2,2019,2028,30293
Audi, Q2,2019,2029,30293
Audi, Q2,2019,2030,30293
Audi, Q2,2019,2031,30293
Audi, Q2,2019,2032,30293
Audi, Q2,2019,2033,30333
Audi, Q2,2019,2034,30333
Audi, Q3,2016,2025,14146
Audi, Q3,2016,2026,14222
Audi, Q3,2016,2027,13909
Audi, Q3,2016,2028,13909
Audi, Q3,2016,2029,13909
Audi, Q3,2016,2030,14530
Audi, Q3,2016,2031,14688
Audi, Q3,2016,2032,14658
Audi, Q3,2016,2033,14658
Audi, Q3,2016,2034,14658
Audi, Q5,2019,2025,37779
Audi, Q5,2019,2026,37779
Audi, Q5,2019,2027,37551
Audi, Q5,2019,2028,37551
Audi, Q5,2019,2029,37551
Audi, Q5,2019,2030,37958
Audi, Q5,2019,2031,37958
Audi, Q5,2019,2032,37966
Audi, Q5,2019,2033,37966
Audi, Q5,2019,2034,36882
Audi, Q7,2017,2025,49477
Audi, Q7,2017,2026,50349
Audi, Q7,2017,2027,52736
Audi, Q7,2017,2028,53200
Audi, Q7,2017,2029,61914
Audi, Q7,2017,2030,67015
Audi, Q7,2017,2031,67015
Audi, Q7,2017,2032,66881
Audi, Q7,2017,2033,66670
Audi, Q7,2017,2034,66670
Audi, Q8,2019,2025,55609
Audi, Q8,2019,2026,56084
Audi, Q8,2019,2027,56061
Audi, Q8,2019,2028,56878
Audi, Q8,2019,2029,62693
Audi, Q8,2019,2030,62972
Audi, Q8,2019,2031,62972
Audi, Q8,2019,2032,74457
Audi, Q8,2019,2033,74409
Audi, Q8,2019,2034,107967
Audi, R8,2007,2025,35671
Audi, R8,2007,2026,35928
Audi, R8,2007,2027,29741
Audi, R8,2007,2028,30177
Audi, R8,2007,2029,30354
Audi, R8,2007,2030,81646
Audi, R8,2007,2031,96083
Audi, R8,2007,2032,121795
Audi, R8,2007,2033,125633
Audi, R8,2007,2034,125647
Audi, RS3,2016,2025,25902
Audi, RS3,2016,2026,24175
Audi, RS3,2016,2027,23349
Audi, RS3,2016,2028,23349
Audi, RS3,2016,2029,23349
Audi, RS3,2016,2030,23349
Audi, RS3,2016,2031,23349
Audi, RS3,2016,2032,23349
Audi, RS3,2016,2033,23218
Audi, RS3,2016,2034,23218
Audi, RS4,2013,2025,23304
Audi, RS4,2013,2026,25305
Audi, RS4,2013,2027,22459
Audi, RS4,2013,2028,23418
Audi, RS4,2013,2029,23648
Audi, RS4,2013,2030,39605
Audi, RS4,2013,2031,43205
Audi, RS4,2013,2032,15339
Audi, RS4,2013,2033,15673
Audi, RS4,2013,2034,19469
Audi, RS5,2018,2025,33317
Audi, RS5,2018,2026,31991
Audi, RS5,2018,2027,25403
Audi, RS5,2018,2028,25566
Audi, RS5,2018,2029,12689
Audi, RS5,2018,2030,20327
Audi, RS5,2018,2031,20327
Audi, RS5,2018,2032,20682
Audi, RS5,2018,2033,20682
Audi, RS5,2018,2034,20682
Audi, RS6,2016,2025,61229
Audi, RS6,2016,2026,83508
Audi, RS6,2016,2027,101124
Audi, RS6,2016,2028,101975
Audi, RS6,2016,2029,102301
Audi, RS6,2016,2030,123478
Audi, RS6,2016,2031,88607
Audi, RS6,2016,2032,88607
Audi, RS6,2016,2033,88607
Audi, RS6,2016,2034,88607
Hyundai, Karoq,2014,2025,14145
Hyundai, Karoq,2014,2026,14145
Hyundai, Karoq,2014,2027,14145
Hyundai, Karoq,2014,2028,14145
Hyundai, Karoq,2014,2029,14145
Hyundai, Karoq,2014,2030,14145
Hyundai, Karoq,2014,2031,14145
Hyundai, Karoq,2014,2032,14145
Hyundai, Karoq,2014,2033,14145
Hyundai, Karoq,2014,2034,14145
Audi, S3,2016,2025,22663
Audi, S3,2016,2026,25507
Audi, S3,2016,2027,25825
Audi, S3,2016,2028,25548
Audi, S3,2016,2029,23619
Audi, S3,2016,2030,23634
Audi, S3,2016,2031,23513
Audi, S3,2016,2032,23377
Audi, S3,2016,2033,23409
Audi, S3,2016,2034,23431
Audi, S4,2018,2025,31189
Audi, S4,2018,2026,30509
Audi, S4,2018,2027,23348
Audi, S4,2018,2028,10285
Audi, S4,2018,2029,21910
Audi, S4,2018,2030,22595
Audi, S4,2018,2031,22527
Audi, S4,2018,2032,14735
Audi, S4,2018,2033,14164
Audi, S4,2018,2034,14029
Audi, S5,2014,2025,49398
Audi, S5,2014,2026,51994
Audi, S5,2014,2027,50785
Audi, S5,2014,2028,50974
Audi, S5,2014,2029,51631
Audi, S5,2014,2030,51631
Audi, S5,2014,2031,51631
Audi, S5,2014,2032,51631
Audi, S5,2014,2033,51631
Audi, S5,2014,2034,51631
Audi, S8,2015,2025,37351
Audi, S8,2015,2026,39382
Audi, S8,2015,2027,42935
Audi, S8,2015,2028,46584
Audi, S8,2015,2029,62205
Audi, S8,2015,2030,82375
Audi, S8,2015,2031,81656
Audi, S8,2015,2032,84638
Audi, S8,2015,2033,89150
Audi, S8,2015,2034,84841
Audi, SQ5,2017,2025,24177
Audi, SQ5,2017,2026,22891
Audi, SQ5,2017,2027,19338
Audi, SQ5,2017,2028,28299
Audi, SQ5,2017,2029,29553
Audi, SQ5,2017,2030,29868
Audi, SQ5,2017,2031,29868
Audi, SQ5,2017,2032,29868
Audi, SQ5,2017,2033,29868
Audi, SQ5,2017,2034,29868
Audi, SQ7,2017,2025,49552
Audi, SQ7,2017,2026,47536
Audi, SQ7,2017,2027,45738
Audi, SQ7,2017,2028,49023
Audi, SQ7,2017,2029,48761
Audi, SQ7,2017,2030,48129
Audi, SQ7,2017,2031,48084
Audi, SQ7,2017,2032,48187
Audi, SQ7,2017,2033,46913
Audi, SQ7,2017,2034,46536
Audi, TT,2012,2025,11838
Audi, TT,2012,2026,14112
Audi, TT,2012,2027,14237
Audi, TT,2012,2028,13384
Audi, TT,2012,2029,13384
Audi, TT,2012,2030,13385
Audi, TT,2012,2031,13305
Audi, TT,2012,2032,13194
Audi, TT,2012,2033,13194
Audi, TT,2012,2034,13110
BMW, 1 Series,2014,2025,10750
BMW, 1 Series,2014,2026,11770
BMW, 1 Series,2014,2027,12118
BMW, 1 Series,2014,2028,12914
BMW, 1 Series,2014,2029,13125
BMW, 1 Series,2014,2030,13164
BMW, 1 Series,2014,2031,13729
BMW, 1 Series,2014,2032,15406
BMW, 1 Series,2014,2033,15684
BMW, 1 Series,2014,2034,16117
BMW, 2 Series,2019,2025,22412
BMW, 2 Series,2019,2026,25765
BMW, 2 Series,2019,2027,23187
BMW, 2 Series,2019,2028,23187
BMW, 2 Series,2019,2029,21083
BMW, 2 Series,2019,2030,20960
BMW, 2 Series,2019,2031,21125
BMW, 2 Series,2019,2032,23633
BMW, 2 Series,2019,2033,23902
BMW, 2 Series,2019,2034,24216
BMW, 3 Series,2017,2025,16493
BMW, 3 Series,2017,2026,16741
BMW, 3 Series,2017,2027,16440
BMW, 3 Series,2017,2028,16428
BMW, 3 Series,2017,2029,16276
BMW, 3 Series,2017,2030,17307
BMW, 3 Series,2017,2031,17400
BMW, 3 Series,2017,2032,17497
BMW, 3 Series,2017,2033,18321
BMW, 3 Series,2017,2034,18680
BMW, 4 Series,2017,2025,18201
BMW, 4 Series,2017,2026,19585
BMW, 4 Series,2017,2027,21648
BMW, 4 Series,2017,2028,22634
BMW, 4 Series,2017,2029,22578
BMW, 4 Series,2017,2030,22546
BMW, 4 Series,2017,2031,22182
BMW, 4 Series,2017,2032,21981
BMW, 4 Series,2017,2033,21751
BMW, 4 Series,2017,2034,21265
BMW, 5 Series,2016,2025,15595
BMW, 5 Series,2016,2026,16194
BMW, 5 Series,2016,2027,16401
BMW, 5 Series,2016,2028,17160
BMW, 5 Series,2016,2029,17417
BMW, 5 Series,2016,2030,15937
BMW, 5 Series,2016,2031,16031
BMW, 5 Series,2016,2032,19421
BMW, 5 Series,2016,2033,19420
BMW, 5 Series,2016,2034,19420
BMW, 6 Series,2014,2025,14778
BMW, 6 Series,2014,2026,14664
BMW, 6 Series,2014,2027,15457
BMW, 6 Series,2014,2028,13490
BMW, 6 Series,2014,2029,13743
BMW, 6 Series,2014,2030,12486
BMW, 6 Series,2014,2031,12373
BMW, 6 Series,2014,2032,12309
BMW, 6 Series,2014,2033,13833
BMW, 6 Series,2014,2034,11971
BMW, 7 Series,2008,2025,7954
BMW, 7 Series,2008,2026,8724
BMW, 7 Series,2008,2027,9307
BMW, 7 Series,2008,2028,10767
BMW, 7 Series,2008,2029,12672
BMW, 7 Series,2008,2030,12991
BMW, 7 Series,2008,2031,13786
BMW, 7 Series,2008,2032,14507
BMW, 7 Series,2008,2033,37184
BMW, 7 Series,2008,2034,38205
BMW, 8 Series,2019,2025,65897
BMW, 8 Series,2019,2026,61718
BMW, 8 Series,2019,2027,34450
BMW, 8 Series,2019,2028,22635
BMW, 8 Series,2019,2029,24312
BMW, 8 Series,2019,2030,23707
BMW, 8 Series,2019,2031,20714
BMW, 8 Series,2019,2032,20108
BMW, 8 Series,2019,2033,19184
BMW, 8 Series,2019,2034,17679
BMW, M2,2018,2025,47097
BMW, M2,2018,2026,52796
BMW, M2,2018,2027,52796
BMW, M2,2018,2028,52573
BMW, M2,2018,2029,52573
BMW, M2,2018,2030,72876
BMW, M2,2018,2031,72876
BMW, M2,2018,2032,72876
BMW, M2,2018,2033,72876
BMW, M2,2018,2034,72908
BMW, M3,2015,2025,29173
BMW, M3,2015,2026,28805
BMW, M3,2015,2027,26920
BMW, M3,2015,2028,27194
BMW, M3,2015,2029,36731
BMW, M3,2015,2030,40484
BMW, M3,2015,2031,53711
BMW, M3,2015,2032,53746
BMW, M3,2015,2033,53746
BMW, M3,2015,2034,53715
BMW, M4,2017,2025,32847
BMW, M4,2017,2026,33552
BMW, M4,2017,2027,33522
BMW, M4,2017,2028,35715
BMW, M4,2017,2029,35393
BMW, M4,2017,2030,37082
BMW, M4,2017,2031,38291
BMW, M4,2017,2032,44993
BMW, M4,2017,2033,45678
BMW, M4,2017,2034,45678
BMW, M5,2019,2025,72957
BMW, M5,2019,2026,72021
BMW, M5,2019,2027,72935
BMW, M5,2019,2028,129787
BMW, M5,2019,2029,85576
BMW, M5,2019,2030,92564
BMW, M5,2019,2031,92564
BMW, M5,2019,2032,92564
BMW, M5,2019,2033,92564
BMW, M5,2019,2034,92564
BMW, M6,2014,2025,38419
BMW, M6,2014,2026,63739
BMW, M6,2014,2027,52950
BMW, M6,2014,2028,51817
BMW, M6,2014,2029,53133
BMW, M6,2014,2030,53825
BMW, M6,2014,2031,51590
BMW, M6,2014,2032,51758
BMW, M6,2014,2033,51864
BMW, M6,2014,2034,52528
BMW, X1,2017,2025,15759
BMW, X1,2017,2026,15896
BMW, X1,2017,2027,15645
BMW, X1,2017,2028,16353
BMW, X1,2017,2029,16760
BMW, X1,2017,2030,17065
BMW, X1,2017,2031,17311
BMW, X1,2017,2032,17984
BMW, X1,2017,2033,18611
BMW, X1,2017,2034,18644
BMW, X2,2020,2025,30432
BMW, X2,2020,2026,30250
BMW, X2,2020,2027,30280
BMW, X2,2020,2028,27642
BMW, X2,2020,2029,27642
BMW, X2,2020,2030,27311
BMW, X2,2020,2031,27311
BMW, X2,2020,2032,27311
BMW, X2,2020,2033,27311
BMW, X2,2020,2034,27311
BMW, X3,2016,2025,15780
BMW, X3,2016,2026,15753
BMW, X3,2016,2027,15692
BMW, X3,2016,2028,15778
BMW, X3,2016,2029,15177
BMW, X3,2016,2030,16813
BMW, X3,2016,2031,16772
BMW, X3,2016,2032,16806
BMW, X3,2016,2033,16746
BMW, X3,2016,2034,17596
BMW, X4,2015,2025,21876
BMW, X4,2015,2026,24126
BMW, X4,2015,2027,24633
BMW, X4,2015,2028,35913
BMW, X4,2015,2029,43776
BMW, X4,2015,2030,81417
BMW, X4,2015,2031,80188
BMW, X4,2015,2032,78872
BMW, X4,2015,2033,80641
BMW, X4,2015,2034,81624
BMW, X5,2015,2025,21416
BMW, X5,2015,2026,21623
BMW, X5,2015,2027,22120
BMW, X5,2015,2028,23209
BMW, X5,2015,2029,24508
BMW, X5,2015,2030,24378
BMW, X5,2015,2031,24670
BMW, X5,2015,2032,26023
BMW, X5,2015,2033,26527
BMW, X5,2015,2034,35145
BMW, X6,2014,2025,22993
BMW, X6,2014,2026,36009
BMW, X6,2014,2027,44164
BMW, X6,2014,2028,44444
BMW, X6,2014,2029,46705
BMW, X6,2014,2030,46925
BMW, X6,2014,2031,47062
BMW, X6,2014,2032,61593
BMW, X6,2014,2033,62741
BMW, X6,2014,2034,62659
BMW, X7,2019,2025,71481
BMW, X7,2019,2026,75439
BMW, X7,2019,2027,75988
BMW, X7,2019,2028,73729
BMW, X7,2019,2029,65370
BMW, X7,2019,2030,65370
BMW, X7,2019,2031,65370
BMW, X7,2019,2032,65647
BMW, X7,2019,2033,65647
BMW, X7,2019,2034,60809
BMW, Z3,1999,2025,6941
BMW, Z3,1999,2026,8914
BMW, Z3,1999,2027,12624
BMW, Z3,1999,2028,13785
BMW, Z3,1999,2029,10499
BMW, Z3,1999,2030,10470
BMW, Z3,1999,2031,10509
BMW, Z3,1999,2032,43227
BMW, Z3,1999,2033,44065
BMW, Z3,1999,2034,44065
BMW, Z4,2014,2025,11561
BMW, Z4,2014,2026,13389
BMW, Z4,2014,2027,13741
BMW, Z4,2014,2028,16345
BMW, Z4,2014,2029,16046
BMW, Z4,2014,2030,17110
BMW, Z4,2014,2031,17447
BMW, Z4,2014,2032,17528
BMW, Z4,2014,2033,17000
BMW, Z4,2014,2034,17000
BMW, i3,2017,2025,18026
BMW, i3,2017,2026,18811
BMW, i3,2017,2027,18529
BMW, i3,2017,2028,18779
BMW, i3,2017,2029,19682
BMW, i3,2017,2030,19558
BMW, i3,2017,2031,18880
BMW, i3,2017,2032,19151
BMW, i3,2017,2033,19202
BMW, i3,2017,2034,19177
BMW, i8,2015,2025,41094
BMW, i8,2015,2026,40072
BMW, i8,2015,2027,40062
BMW, i8,2015,2028,40089
BMW, i8,2015,2029,40079
BMW, i8,2015,2030,40079
BMW, i8,2015,2031,40079
BMW, i8,2015,2032,40079
BMW, i8,2015,2033,40079
BMW, i8,2015,2034,40079
Ford, B-MAX,2014,2025,7179
Ford, B-MAX,2014,2026,7392
Ford, B-MAX,2014,2027,7336
Ford, B-MAX,2014,2028,7620
Ford, B-MAX,2014,2029,7670
Ford, B-MAX,2014,2030,8105
Ford, B-MAX,2014,2031,8009
Ford, B-MAX,2014,2032,8235
Ford, B-MAX,2014,2033,8218
Ford, B-MAX,2014,2034,8234
Ford, C-MAX,2016,2025,9716
Ford, C-MAX,2016,2026,9436
Ford, C-MAX,2016,2027,10182
Ford, C-MAX,2016,2028,9970
Ford, C-MAX,2016,2029,11959
Ford, C-MAX,2016,2030,11164
Ford, C-MAX,2016,2031,11164
Ford, C-MAX,2016,2032,11164
Ford, C-MAX,2016,2033,11166
Ford, C-MAX,2016,2034,9952
Ford, EcoSport,2015,2025,8123
Ford, EcoSport,2015,2026,8046
Ford, EcoSport,2015,2027,7844
Ford, EcoSport,2015,2028,8212
Ford, EcoSport,2015,2029,8192
Ford, EcoSport,2015,2030,9663
Ford, EcoSport,2015,2031,9718
Ford, EcoSport,2015,2032,9713
Ford, EcoSport,2015,2033,9702
Ford, EcoSport,2015,2034,9674
Ford, Edge,2017,2025,21566
Ford, Edge,2017,2026,21891
Ford, Edge,2017,2027,23994
Ford, Edge,2017,2028,21942
Ford, Edge,2017,2029,21206
Ford, Edge,2017,2030,21206
Ford, Edge,2017,2031,21206
Ford, Edge,2017,2032,21206
Ford, Edge,2017,2033,21206
Ford, Edge,2017,2034,21206
Ford, Fiesta,2016,2025,8102
Ford, Fiesta,2016,2026,8262
Ford, Fiesta,2016,2027,8507
Ford, Fiesta,2016,2028,8198
Ford, Fiesta,2016,2029,8253
Ford, Fiesta,2016,2030,8898
Ford, Fiesta,2016,2031,9019
Ford, Fiesta,2016,2032,9553
Ford, Fiesta,2016,2033,9232
Ford, Fiesta,2016,2034,9832
Ford, Focus,2019,2025,18816
Ford, Focus,2019,2026,17970
Ford, Focus,2019,2027,20171
Ford, Focus,2019,2028,20017
Ford, Focus,2019,2029,19553
Ford, Focus,2019,2030,19517
Ford, Focus,2019,2031,18954
Ford, Focus,2019,2032,16356
Ford, Focus,2019,2033,15851
Ford, Focus,2019,2034,15868
Ford, Fusion,2010,2025,2817
Ford, Fusion,2010,2026,3113
Ford, Fusion,2010,2027,4219
Ford, Fusion,2010,2028,4447
Ford, Fusion,2010,2029,4122
Ford, Fusion,2010,2030,4368
Ford, Fusion,2010,2031,4496
Ford, Fusion,2010,2032,5507
Ford, Fusion,2010,2033,5769
Ford, Fusion,2010,2034,5661
Ford, Galaxy,2018,2025,15213
Ford, Galaxy,2018,2026,16407
Ford, Galaxy,2018,2027,16127
Ford, Galaxy,2018,2028,19867
Ford, Galaxy,2018,2029,19067
Ford, Galaxy,2018,2030,14395
Ford, Galaxy,2018,2031,14293
Ford, Galaxy,2018,2032,14072
Ford, Galaxy,2018,2033,14005
Ford, Galaxy,2018,2034,14566
Ford, Grand C-MAX,2018,2025,16634
Ford, Grand C-MAX,2018,2026,16718
Ford, Grand C-MAX,2018,2027,16290
Ford, Grand C-MAX,2018,2028,16322
Ford, Grand C-MAX,2018,2029,16317
Ford, Grand C-MAX,2018,2030,16204
Ford, Grand C-MAX,2018,2031,16202
Ford, Grand C-MAX,2018,2032,16238
Ford, Grand C-MAX,2018,2033,16029
Ford, Grand C-MAX,2018,2034,14178
Ford, Grand Tourneo Connect,2019,2025,18594
Ford, Grand Tourneo Connect,2019,2026,20216
Ford, Grand Tourneo Connect,2019,2027,20216
Ford, Grand Tourneo Connect,2019,2028,23981
Ford, Grand Tourneo Connect,2019,2029,25373
Ford, Grand Tourneo Connect,2019,2030,25373
Ford, Grand Tourneo Connect,2019,2031,25373
Ford, Grand Tourneo Connect,2019,2032,25662
Ford, Grand Tourneo Connect,2019,2033,25662
Ford, Grand Tourneo Connect,2019,2034,24982
Ford, KA,2018,2025,8863
Ford, KA,2018,2026,8863
Ford, KA,2018,2027,9435
Ford, KA,2018,2028,9435
Ford, KA,2018,2029,9435
Ford, KA,2018,2030,9435
Ford, KA,2018,2031,9435
Ford, KA,2018,2032,9435
Ford, KA,2018,2033,15738
Ford, KA,2018,2034,15738
Ford, Ka+,2017,2025,9362
Ford, Ka+,2017,2026,12260
Ford, Ka+,2017,2027,12121
Ford, Ka+,2017,2028,12931
Ford, Ka+,2017,2029,16426
Ford, Ka+,2017,2030,16323
Ford, Ka+,2017,2031,24107
Ford, Ka+,2017,2032,24107
Ford, Ka+,2017,2033,24230
Ford, Ka+,2017,2034,24230
Ford, Kuga,2018,2025,17591
Ford, Kuga,2018,2026,17545
Ford, Kuga,2018,2027,17554
Ford, Kuga,2018,2028,17596
Ford, Kuga,2018,2029,17630
Ford, Kuga,2018,2030,18696
Ford, Kuga,2018,2031,18696
Ford, Kuga,2018,2032,18719
Ford, Kuga,2018,2033,18690
Ford, Kuga,2018,2034,18489
Ford, Mondeo,2019,2025,23102
Ford, Mondeo,2019,2026,23276
Ford, Mondeo,2019,2027,22945
Ford, Mondeo,2019,2028,23499
Ford, Mondeo,2019,2029,23464
Ford, Mondeo,2019,2030,22438
Ford, Mondeo,2019,2031,23163
Ford, Mondeo,2019,2032,23492
Ford, Mondeo,2019,2033,23576
Ford, Mondeo,2019,2034,22766
Ford, Mustang,2020,2025,45613
Ford, Mustang,2020,2026,45613
Ford, Mustang,2020,2027,45613
Ford, Mustang,2020,2028,45613
Ford, Mustang,2020,2029,45594
Ford, Mustang,2020,2030,45594
Ford, Mustang,2020,2031,45594
Ford, Mustang,2020,2032,45594
Ford, Mustang,2020,2033,45594
Ford, Mustang,2020,2034,45594
Ford, Puma,2020,2025,20116
Ford, Puma,2020,2026,20393
Ford, Puma,2020,2027,20393
Ford, Puma,2020,2028,20393
Ford, Puma,2020,2029,20393
Ford, Puma,2020,2030,20996
Ford, Puma,2020,2031,20996
Ford, Puma,2020,2032,20996
Ford, Puma,2020,2033,20996
Ford, Puma,2020,2034,20996
Hyundai, Karoq,2013,2025,12815
Hyundai, Karoq,2013,2026,12815
Hyundai, Karoq,2013,2027,12815
Hyundai, Karoq,2013,2028,12815
Hyundai, Karoq,2013,2029,12815
Hyundai, Karoq,2013,2030,12815
Hyundai, Karoq,2013,2031,12815
Hyundai, Karoq,2013,2032,12815
Hyundai, Karoq,2013,2033,12815
Hyundai, Karoq,2013,2034,12815
Ford, S-MAX,2016,2025,19255
Ford, S-MAX,2016,2026,20082
Ford, S-MAX,2016,2027,20474
Ford, S-MAX,2016,2028,20474
Ford, S-MAX,2016,2029,20474
Ford, S-MAX,2016,2030,20474
Ford, S-MAX,2016,2031,20498
Ford, S-MAX,2016,2032,22824
Ford, S-MAX,2016,2033,22837
Ford, S-MAX,2016,2034,22837
Ford, Streetka,2006,2025,2139
Ford, Streetka,2006,2026,2037
Ford, Streetka,2006,2027,1938
Ford, Streetka,2006,2028,2014
Ford, Streetka,2006,2029,1975
Ford, Streetka,2006,2030,1765
Ford, Streetka,2006,2031,1720
Ford, Streetka,2006,2032,1772
Ford, Streetka,2006,2033,1806
Ford, Streetka,2006,2034,1810
Ford, Tourneo Connect,2015,2025,12845
Ford, Tourneo Connect,2015,2026,12845
Ford, Tourneo Connect,2015,2027,12856
Ford, Tourneo Connect,2015,2028,13831
Ford, Tourneo Connect,2015,2029,13834
Ford, Tourneo Connect,2015,2030,13834
Ford, Tourneo Connect,2015,2031,13771
Ford, Tourneo Connect,2015,2032,13735
Ford, Tourneo Connect,2015,2033,13735
Ford, Tourneo Connect,2015,2034,13732
Ford, Tourneo Custom,2018,2025,18448
Ford, Tourneo Custom,2018,2026,17860
Ford, Tourneo Custom,2018,2027,18255
Ford, Tourneo Custom,2018,2028,18363
Ford, Tourneo Custom,2018,2029,19463
Ford, Tourneo Custom,2018,2030,19927
Ford, Tourneo Custom,2018,2031,20183
Ford, Tourneo Custom,2018,2032,20782
Ford, Tourneo Custom,2018,2033,20908
Ford, Tourneo Custom,2018,2034,22220
Hyundai, Karoq,2014,2025,14145
Hyundai, Karoq,2014,2026,14145
Hyundai, Karoq,2014,2027,14145
Hyundai, Karoq,2014,2028,14145
Hyundai, Karoq,2014,2029,14145
Hyundai, Karoq,2014,2030,14145
Hyundai, Karoq,2014,2031,14145
Hyundai, Karoq,2014,2032,14145
Hyundai, Karoq,2014,2033,14145
Hyundai, Karoq,2014,2034,14145
Hyundai, Karoq,2000,2025,3062
Hyundai, Karoq,2000,2026,3062
Hyundai, Karoq,2000,2027,3062
Hyundai, Karoq,2000,2028,3062
Hyundai, Karoq,2000,2029,3062
Hyundai, Karoq,2000,2030,3062
Hyundai, Karoq,2000,2031,3062
Hyundai, Karoq,2000,2032,3062
Hyundai, Karoq,2000,2033,3062
Hyundai, Karoq,2000,2034,3062
Hyundai, Karoq,2007,2025,2453
Hyundai, Karoq,2007,2026,2453
Hyundai, Karoq,2007,2027,2453
Hyundai, Karoq,2007,2028,2453
Hyundai, Karoq,2007,2029,2453
Hyundai, Karoq,2007,2030,2453
Hyundai, Karoq,2007,2031,2453
Hyundai, Karoq,2007,2032,2453
Hyundai, Karoq,2007,2033,2453
Hyundai, Karoq,2007,2034,2453
Hyundai, Getz,2007,2025,1892
Hyundai, Getz,2007,2026,2201
Hyundai, Getz,2007,2027,2562
Hyundai, Getz,2007,2028,3520
Hyundai, Getz,2007,2029,3529
Hyundai, Getz,2007,2030,3490
Hyundai, Getz,2007,2031,3487
Hyundai, Getz,2007,2032,3327
Hyundai, Getz,2007,2033,3275
Hyundai, Getz,2007,2034,3287
Hyundai, I10,2017,2025,7820
Hyundai, I10,2017,2026,6634
Hyundai, I10,2017,2027,6634
Hyundai, I10,2017,2028,7176
Hyundai, I10,2017,2029,7179
Hyundai, I10,2017,2030,7179
Hyundai, I10,2017,2031,7179
Hyundai, I10,2017,2032,8360
Hyundai, I10,2017,2033,8360
Hyundai, I10,2017,2034,8360
Hyundai, I20,2019,2025,12937
Hyundai, I20,2019,2026,15834
Hyundai, I20,2019,2027,17050
Hyundai, I20,2019,2028,17046
Hyundai, I20,2019,2029,17227
Hyundai, I20,2019,2030,17159
Hyundai, I20,2019,2031,17159
Hyundai, I20,2019,2032,17159
Hyundai, I20,2019,2033,17159
Hyundai, I20,2019,2034,17159
Hyundai, I30,2016,2025,9325
Hyundai, I30,2016,2026,9497
Hyundai, I30,2016,2027,9839
Hyundai, I30,2016,2028,9819
Hyundai, I30,2016,2029,9978
Hyundai, I30,2016,2030,11011
Hyundai, I30,2016,2031,24762
Hyundai, I30,2016,2032,24762
Hyundai, I30,2016,2033,24762
Hyundai, I30,2016,2034,24762
Hyundai, I40,2015,2025,8427
Hyundai, I40,2015,2026,9145
Hyundai, I40,2015,2027,9166
Hyundai, I40,2015,2028,9540
Hyundai, I40,2015,2029,10121
Hyundai, I40,2015,2030,10561
Hyundai, I40,2015,2031,10452
Hyundai, I40,2015,2032,10451
Hyundai, I40,2015,2033,9621
Hyundai, I40,2015,2034,9177
Hyundai, I800,2018,2025,18715
Hyundai, I800,2018,2026,27237
Hyundai, I800,2018,2027,27352
Hyundai, I800,2018,2028,27355
Hyundai, I800,2018,2029,27145
Hyundai, I800,2018,2030,27145
Hyundai, I800,2018,2031,29845
Hyundai, I800,2018,2032,29845
Hyundai, I800,2018,2033,29909
Hyundai, I800,2018,2034,29909
Hyundai, IX20,2014,2025,8226
Hyundai, IX20,2014,2026,8480
Hyundai, IX20,2014,2027,8924
Hyundai, IX20,2014,2028,11757
Hyundai, IX20,2014,2029,11717
Hyundai, IX20,2014,2030,11717
Hyundai, IX20,2014,2031,14445
Hyundai, IX20,2014,2032,14445
Hyundai, IX20,2014,2033,14605
Hyundai, IX20,2014,2034,14605
Hyundai, IX35,2014,2025,9021
Hyundai, IX35,2014,2026,7956
Hyundai, IX35,2014,2027,7727
Hyundai, IX35,2014,2028,7699
Hyundai, IX35,2014,2029,8111
Hyundai, IX35,2014,2030,7679
Hyundai, IX35,2014,2031,7648
Hyundai, IX35,2014,2032,6176
Hyundai, IX35,2014,2033,5867
Hyundai, IX35,2014,2034,5744
Hyundai, Ioniq,2020,2025,22598
Hyundai, Ioniq,2020,2026,22575
Hyundai, Ioniq,2020,2027,24964
Hyundai, Ioniq,2020,2028,26285
Hyundai, Ioniq,2020,2029,26464
Hyundai, Ioniq,2020,2030,25450
Hyundai, Ioniq,2020,2031,25621
Hyundai, Ioniq,2020,2032,25621
Hyundai, Ioniq,2020,2033,25621
Hyundai, Ioniq,2020,2034,25621
Hyundai, Kona,2018,2025,9123
Hyundai, Kona,2018,2026,9338
Hyundai, Kona,2018,2027,11112
Hyundai, Kona,2018,2028,13448
Hyundai, Kona,2018,2029,18965
Hyundai, Kona,2018,2030,19306
Hyundai, Kona,2018,2031,19584
Hyundai, Kona,2018,2032,20866
Hyundai, Kona,2018,2033,21195
Hyundai, Kona,2018,2034,26286
Hyundai, Santa Fe,2019,2025,35291
Hyundai, Santa Fe,2019,2026,34251
Hyundai, Santa Fe,2019,2027,33615
Hyundai, Santa Fe,2019,2028,33118
Hyundai, Santa Fe,2019,2029,35008
Hyundai, Santa Fe,2019,2030,37780
Hyundai, Santa Fe,2019,2031,37770
Hyundai, Santa Fe,2019,2032,37678
Hyundai, Santa Fe,2019,2033,29879
Hyundai, Santa Fe,2019,2034,30326
Hyundai, Terracan,2003,2025,4283
Hyundai, Terracan,2003,2026,4453
Hyundai, Terracan,2003,2027,4438
Hyundai, Terracan,2003,2028,4438
Hyundai, Terracan,2003,2029,4438
Hyundai, Terracan,2003,2030,4438
Hyundai, Terracan,2003,2031,4438
Hyundai, Terracan,2003,2032,4438
Hyundai, Terracan,2003,2033,4438
Hyundai, Terracan,2003,2034,4438
Hyundai, Tucson,2016,2025,15268
Hyundai, Tucson,2016,2026,14941
Hyundai, Tucson,2016,2027,14351
Hyundai, Tucson,2016,2028,14276
Hyundai, Tucson,2016,2029,14124
Hyundai, Tucson,2016,2030,14103
Hyundai, Tucson,2016,2031,13576
Hyundai, Tucson,2016,2032,11449
Hyundai, Tucson,2016,2033,11106
Hyundai, Tucson,2016,2034,11104
Hyundai, Veloster,2013,2025,8414
Hyundai, Veloster,2013,2026,8929
Hyundai, Veloster,2013,2027,9319
Hyundai, Veloster,2013,2028,9324
Hyundai, Veloster,2013,2029,9324
Hyundai, Veloster,2013,2030,9324
Hyundai, Veloster,2013,2031,9324
Hyundai, Veloster,2013,2032,9324
Hyundai, Veloster,2013,2033,9324
Hyundai, Veloster,2013,2034,9324
Mercedes-Benz, A Class,2017,2025,17733
Mercedes-Benz, A Class,2017,2026,19409
Mercedes-Benz, A Class,2017,2027,20014
Mercedes-Benz, A Class,2017,2028,20014
Mercedes-Benz, A Class,2017,2029,19994
Mercedes-Benz, A Class,2017,2030,19773
Mercedes-Benz, A Class,2017,2031,20203
Mercedes-Benz, A Class,2017,2032,20203
Mercedes-Benz, A Class,2017,2033,20203
Mercedes-Benz, A Class,2017,2034,20203
Mercedes-Benz, B Class,2020,2025,26197
Mercedes-Benz, B Class,2020,2026,25747
Mercedes-Benz, B Class,2020,2027,25747
Mercedes-Benz, B Class,2020,2028,25874
Mercedes-Benz, B Class,2020,2029,25949
Mercedes-Benz, B Class,2020,2030,26156
Mercedes-Benz, B Class,2020,2031,26165
Mercedes-Benz, B Class,2020,2032,25743
Mercedes-Benz, B Class,2020,2033,25852
Mercedes-Benz, B Class,2020,2034,25852
Mercedes-Benz, C Class,2020,2025,33324
Mercedes-Benz, C Class,2020,2026,33810
Mercedes-Benz, C Class,2020,2027,33565
Mercedes-Benz, C Class,2020,2028,33611
Mercedes-Benz, C Class,2020,2029,33525
Mercedes-Benz, C Class,2020,2030,31255
Mercedes-Benz, C Class,2020,2031,31222
Mercedes-Benz, C Class,2020,2032,29773
Mercedes-Benz, C Class,2020,2033,29877
Mercedes-Benz, C Class,2020,2034,30870
Mercedes-Benz, CL Class,2018,2025,11348
Mercedes-Benz, CL Class,2018,2026,11500
Mercedes-Benz, CL Class,2018,2027,11104
Mercedes-Benz, CL Class,2018,2028,9961
Mercedes-Benz, CL Class,2018,2029,9940
Mercedes-Benz, CL Class,2018,2030,8716
Mercedes-Benz, CL Class,2018,2031,8796
Mercedes-Benz, CL Class,2018,2032,8821
Mercedes-Benz, CL Class,2018,2033,8821
Mercedes-Benz, CL Class,2018,2034,8821
Mercedes-Benz, CLA Class,2019,2025,30930
Mercedes-Benz, CLA Class,2019,2026,24534
Mercedes-Benz, CLA Class,2019,2027,23425
Mercedes-Benz, CLA Class,2019,2028,24422
Mercedes-Benz, CLA Class,2019,2029,24691
Mercedes-Benz, CLA Class,2019,2030,27752
Mercedes-Benz, CLA Class,2019,2031,28205
Mercedes-Benz, CLA Class,2019,2032,28310
Mercedes-Benz, CLA Class,2019,2033,29026
Mercedes-Benz, CLA Class,2019,2034,28660
Hyundai, Karoq,2010,2025,5881
Hyundai, Karoq,2010,2026,5881
Hyundai, Karoq,2010,2027,5881
Hyundai, Karoq,2010,2028,5881
Hyundai, Karoq,2010,2029,5881
Hyundai, Karoq,2010,2030,5881
Hyundai, Karoq,2010,2031,5881
Hyundai, Karoq,2010,2032,5881
Hyundai, Karoq,2010,2033,5881
Hyundai, Karoq,2010,2034,5881
Mercedes-Benz, CLK,2004,2025,1732
Mercedes-Benz, CLK,2004,2026,2533
Mercedes-Benz, CLK,2004,2027,2570
Mercedes-Benz, CLK,2004,2028,2660
Mercedes-Benz, CLK,2004,2029,2698
Mercedes-Benz, CLK,2004,2030,2833
Mercedes-Benz, CLK,2004,2031,2877
Mercedes-Benz, CLK,2004,2032,2879
Mercedes-Benz, CLK,2004,2033,2881
Mercedes-Benz, CLK,2004,2034,2878
Mercedes-Benz, CLS Class,2019,2025,25342
Mercedes-Benz, CLS Class,2019,2026,25308
Mercedes-Benz, CLS Class,2019,2027,24194
Mercedes-Benz, CLS Class,2019,2028,22177
Mercedes-Benz, CLS Class,2019,2029,22511
Mercedes-Benz, CLS Class,2019,2030,22357
Mercedes-Benz, CLS Class,2019,2031,22236
Mercedes-Benz, CLS Class,2019,2032,22151
Mercedes-Benz, CLS Class,2019,2033,22151
Mercedes-Benz, CLS Class,2019,2034,22151
Mercedes-Benz, E Class,2019,2025,25620
Mercedes-Benz, E Class,2019,2026,28180
Mercedes-Benz, E Class,2019,2027,24667
Mercedes-Benz, E Class,2019,2028,24610
Mercedes-Benz, E Class,2019,2029,24610
Mercedes-Benz, E Class,2019,2030,24610
Mercedes-Benz, E Class,2019,2031,24610
Mercedes-Benz, E Class,2019,2032,24610
Mercedes-Benz, E Class,2019,2033,24612
Mercedes-Benz, E Class,2019,2034,24612
Mercedes-Benz, G Class,2012,2025,35095
Mercedes-Benz, G Class,2012,2026,35284
Mercedes-Benz, G Class,2012,2027,35462
Mercedes-Benz, G Class,2012,2028,33758
Mercedes-Benz, G Class,2012,2029,34325
Mercedes-Benz, G Class,2012,2030,60057
Mercedes-Benz, G Class,2012,2031,135894
Mercedes-Benz, G Class,2012,2032,93549
Mercedes-Benz, G Class,2012,2033,97104
Mercedes-Benz, G Class,2012,2034,101694
Mercedes-Benz, GL Class,2015,2025,30314
Mercedes-Benz, GL Class,2015,2026,20741
Mercedes-Benz, GL Class,2015,2027,20208
Mercedes-Benz, GL Class,2015,2028,17583
Mercedes-Benz, GL Class,2015,2029,18373
Mercedes-Benz, GL Class,2015,2030,17857
Mercedes-Benz, GL Class,2015,2031,13126
Mercedes-Benz, GL Class,2015,2032,12017
Mercedes-Benz, GL Class,2015,2033,9295
Mercedes-Benz, GL Class,2015,2034,9000
Mercedes-Benz, GLA Class,2014,2025,13760
Mercedes-Benz, GLA Class,2014,2026,17455
Mercedes-Benz, GLA Class,2014,2027,16420
Mercedes-Benz, GLA Class,2014,2028,15843
Mercedes-Benz, GLA Class,2014,2029,11708
Mercedes-Benz, GLA Class,2014,2030,11704
Mercedes-Benz, GLA Class,2014,2031,11383
Mercedes-Benz, GLA Class,2014,2032,11330
Mercedes-Benz, GLA Class,2014,2033,9949
Mercedes-Benz, GLA Class,2014,2034,7593
Hyundai, Karoq,2020,2025,24224
Hyundai, Karoq,2020,2026,24224
Hyundai, Karoq,2020,2027,24224
Hyundai, Karoq,2020,2028,24224
Hyundai, Karoq,2020,2029,24224
Hyundai, Karoq,2020,2030,24224
Hyundai, Karoq,2020,2031,24224
Hyundai, Karoq,2020,2032,24224
Hyundai, Karoq,2020,2033,24224
Hyundai, Karoq,2020,2034,24224
Mercedes-Benz, GLC Class,2019,2025,41195
Mercedes-Benz, GLC Class,2019,2026,49591
Mercedes-Benz, GLC Class,2019,2027,43983
Mercedes-Benz, GLC Class,2019,2028,43998
Mercedes-Benz, GLC Class,2019,2029,43998
Mercedes-Benz, GLC Class,2019,2030,42042
Mercedes-Benz, GLC Class,2019,2031,36166
Mercedes-Benz, GLC Class,2019,2032,36166
Mercedes-Benz, GLC Class,2019,2033,36065
Mercedes-Benz, GLC Class,2019,2034,32236
Mercedes-Benz, GLE Class,2016,2025,35795
Mercedes-Benz, GLE Class,2016,2026,34990
Mercedes-Benz, GLE Class,2016,2027,37654
Mercedes-Benz, GLE Class,2016,2028,44964
Mercedes-Benz, GLE Class,2016,2029,44684
Mercedes-Benz, GLE Class,2016,2030,43998
Mercedes-Benz, GLE Class,2016,2031,76875
Mercedes-Benz, GLE Class,2016,2032,22287
Mercedes-Benz, GLE Class,2016,2033,22287
Mercedes-Benz, GLE Class,2016,2034,22287
Mercedes-Benz, GLS Class,2017,2025,40004
Mercedes-Benz, GLS Class,2017,2026,47619
Mercedes-Benz, GLS Class,2017,2027,55282
Mercedes-Benz, GLS Class,2017,2028,63565
Mercedes-Benz, GLS Class,2017,2029,62431
Mercedes-Benz, GLS Class,2017,2030,62332
Mercedes-Benz, GLS Class,2017,2031,62684
Mercedes-Benz, GLS Class,2017,2032,62956
Mercedes-Benz, GLS Class,2017,2033,62956
Mercedes-Benz, GLS Class,2017,2034,62956
Mercedes-Benz, M Class,2012,2025,16679
Mercedes-Benz, M Class,2012,2026,15946
Mercedes-Benz, M Class,2012,2027,17438
Mercedes-Benz, M Class,2012,2028,13371
Mercedes-Benz, M Class,2012,2029,20016
Mercedes-Benz, M Class,2012,2030,15940
Mercedes-Benz, M Class,2012,2031,15854
Mercedes-Benz, M Class,2012,2032,15722
Mercedes-Benz, M Class,2012,2033,15880
Mercedes-Benz, M Class,2012,2034,16049
Mercedes-Benz, R Class,2007,2025,6712
Mercedes-Benz, R Class,2007,2026,6286
Mercedes-Benz, R Class,2007,2027,6287
Mercedes-Benz, R Class,2007,2028,6698
Mercedes-Benz, R Class,2007,2029,5764
Mercedes-Benz, R Class,2007,2030,5693
Mercedes-Benz, R Class,2007,2031,5750
Mercedes-Benz, R Class,2007,2032,5750
Mercedes-Benz, R Class,2007,2033,5748
Mercedes-Benz, R Class,2007,2034,5744
Mercedes-Benz, S Class,2019,2025,54632
Mercedes-Benz, S Class,2019,2026,31994
Mercedes-Benz, S Class,2019,2027,30994
Mercedes-Benz, S Class,2019,2028,31332
Mercedes-Benz, S Class,2019,2029,23465
Mercedes-Benz, S Class,2019,2030,19014
Mercedes-Benz, S Class,2019,2031,19186
Mercedes-Benz, S Class,2019,2032,25473
Mercedes-Benz, S Class,2019,2033,24862
Mercedes-Benz, S Class,2019,2034,24862
Mercedes-Benz, SL CLASS,2017,2025,20809
Mercedes-Benz, SL CLASS,2017,2026,15878
Mercedes-Benz, SL CLASS,2017,2027,13321
Mercedes-Benz, SL CLASS,2017,2028,13330
Mercedes-Benz, SL CLASS,2017,2029,23686
Mercedes-Benz, SL CLASS,2017,2030,23655
Mercedes-Benz, SL CLASS,2017,2031,24054
Mercedes-Benz, SL CLASS,2017,2032,23661
Mercedes-Benz, SL CLASS,2017,2033,23545
Mercedes-Benz, SL CLASS,2017,2034,11722
Mercedes-Benz, SLK,2016,2025,18061
Mercedes-Benz, SLK,2016,2026,17921
Mercedes-Benz, SLK,2016,2027,17929
Mercedes-Benz, SLK,2016,2028,18943
Mercedes-Benz, SLK,2016,2029,19153
Mercedes-Benz, SLK,2016,2030,19948
Mercedes-Benz, SLK,2016,2031,19458
Mercedes-Benz, SLK,2016,2032,19458
Mercedes-Benz, SLK,2016,2033,22162
Mercedes-Benz, SLK,2016,2034,22307
Mercedes-Benz, V Class,2019,2025,29704
Mercedes-Benz, V Class,2019,2026,25744
Mercedes-Benz, V Class,2019,2027,23715
Mercedes-Benz, V Class,2019,2028,21981
Mercedes-Benz, V Class,2019,2029,23082
Mercedes-Benz, V Class,2019,2030,22546
Mercedes-Benz, V Class,2019,2031,22470
Mercedes-Benz, V Class,2019,2032,22580
Mercedes-Benz, V Class,2019,2033,22580
Mercedes-Benz, V Class,2019,2034,22495
Mercedes-Benz, X-CLASS,2018,2025,36733
Mercedes-Benz, X-CLASS,2018,2026,40551
Mercedes-Benz, X-CLASS,2018,2027,42349
Mercedes-Benz, X-CLASS,2018,2028,43705
Mercedes-Benz, X-CLASS,2018,2029,40436
Mercedes-Benz, X-CLASS,2018,2030,44302
Mercedes-Benz, X-CLASS,2018,2031,48210
Mercedes-Benz, X-CLASS,2018,2032,48025
Mercedes-Benz, X-CLASS,2018,2033,48030
Mercedes-Benz, X-CLASS,2018,2034,55476
Hyundai, Karoq,2014,2025,14145
Hyundai, Karoq,2014,2026,14145
Hyundai, Karoq,2014,2027,14145
Hyundai, Karoq,2014,2028,14145
Hyundai, Karoq,2014,2029,14145
Hyundai, Karoq,2014,2030,14145
Hyundai, Karoq,2014,2031,14145
Hyundai, Karoq,2014,2032,14145
Hyundai, Karoq,2014,2033,14145
Hyundai, Karoq,2014,2034,14145
Hyundai, Karoq,2018,2025,20031
Hyundai, Karoq,2018,2026,20031
Hyundai, Karoq,2018,2027,20031
Hyundai, Karoq,2018,2028,20031
Hyundai, Karoq,2018,2029,20031
Hyundai, Karoq,2018,2030,20031
Hyundai, Karoq,2018,2031,20031
Hyundai, Karoq,2018,2032,20031
Hyundai, Karoq,2018,2033,20031
Hyundai, Karoq,2018,2034,20031
Hyundai, Karoq,2018,2025,20031
Hyundai, Karoq,2018,2026,20031
Hyundai, Karoq,2018,2027,20031
Hyundai, Karoq,2018,2028,20031
Hyundai, Karoq,2018,2029,20031
Hyundai, Karoq,2018,2030,20031
Hyundai, Karoq,2018,2031,20031
Hyundai, Karoq,2018,2032,20031
Hyundai, Karoq,2018,2033,20031
Hyundai, Karoq,2018,2034,20031
Hyundai, Karoq,2007,2025,2453
Hyundai, Karoq,2007,2026,2453
Hyundai, Karoq,2007,2027,2453
Hyundai, Karoq,2007,2028,2453
Hyundai, Karoq,2007,2029,2453
Hyundai, Karoq,2007,2030,2453
Hyundai, Karoq,2007,2031,2453
Hyundai, Karoq,2007,2032,2453
Hyundai, Karoq,2007,2033,2453
Hyundai, Karoq,2007,2034,2453
Skoda, Citigo,2016,2025,6669
Skoda, Citigo,2016,2026,6510
Skoda, Citigo,2016,2027,7260
Skoda, Citigo,2016,2028,6970
Skoda, Citigo,2016,2029,7209
Skoda, Citigo,2016,2030,7209
Skoda, Citigo,2016,2031,7209
Skoda, Citigo,2016,2032,7209
Skoda, Citigo,2016,2033,7304
Skoda, Citigo,2016,2034,7304
Skoda, Fabia,2017,2025,9740
Skoda, Fabia,2017,2026,10242
Skoda, Fabia,2017,2027,9878
Skoda, Fabia,2017,2028,11375
Skoda, Fabia,2017,2029,11668
Skoda, Fabia,2017,2030,11567
Skoda, Fabia,2017,2031,11249
Skoda, Fabia,2017,2032,11256
Skoda, Fabia,2017,2033,10909
Skoda, Fabia,2017,2034,10909
Skoda, Kamiq,2019,2025,20334
Skoda, Kamiq,2019,2026,22182
Skoda, Kamiq,2019,2027,22176
Skoda, Kamiq,2019,2028,29573
Skoda, Kamiq,2019,2029,30349
Skoda, Kamiq,2019,2030,28164
Skoda, Kamiq,2019,2031,20729
Skoda, Kamiq,2019,2032,21925
Skoda, Kamiq,2019,2033,21941
Skoda, Kamiq,2019,2034,23628
Skoda, Karoq,2019,2025,25630
Skoda, Karoq,2019,2026,26125
Skoda, Karoq,2019,2027,27064
Skoda, Karoq,2019,2028,27061
Skoda, Karoq,2019,2029,27061
Skoda, Karoq,2019,2030,27032
Skoda, Karoq,2019,2031,27032
Skoda, Karoq,2019,2032,27076
Skoda, Karoq,2019,2033,27076
Skoda, Karoq,2019,2034,27076
Skoda, Kodiaq,2017,2025,23880
Skoda, Kodiaq,2017,2026,21798
Skoda, Kodiaq,2017,2027,23162
Skoda, Kodiaq,2017,2028,22919
Skoda, Kodiaq,2017,2029,23794
Skoda, Kodiaq,2017,2030,40689
Skoda, Kodiaq,2017,2031,48749
Skoda, Kodiaq,2017,2032,47784
Skoda, Kodiaq,2017,2033,46057
Skoda, Kodiaq,2017,2034,47678
Skoda, Octavia,2014,2025,9067
Skoda, Octavia,2014,2026,9303
Skoda, Octavia,2014,2027,8755
Skoda, Octavia,2014,2028,9362
Skoda, Octavia,2014,2029,9493
Skoda, Octavia,2014,2030,9677
Skoda, Octavia,2014,2031,9988
Skoda, Octavia,2014,2032,9989
Skoda, Octavia,2014,2033,9989
Skoda, Octavia,2014,2034,9989
Skoda, Rapid,2015,2025,8296
Skoda, Rapid,2015,2026,7656
Skoda, Rapid,2015,2027,7898
Skoda, Rapid,2015,2028,8689
Skoda, Rapid,2015,2029,8689
Skoda, Rapid,2015,2030,8650
Skoda, Rapid,2015,2031,8651
Skoda, Rapid,2015,2032,8651
Skoda, Rapid,2015,2033,9330
Skoda, Rapid,2015,2034,9354
Skoda, Roomster,2011,2025,5552
Skoda, Roomster,2011,2026,5674
Skoda, Roomster,2011,2027,6081
Skoda, Roomster,2011,2028,4755
Skoda, Roomster,2011,2029,5054
Skoda, Roomster,2011,2030,5132
Skoda, Roomster,2011,2031,5259
Skoda, Roomster,2011,2032,5127
Skoda, Roomster,2011,2033,5208
Skoda, Roomster,2011,2034,5208
Skoda, Scala,2019,2025,19252
Skoda, Scala,2019,2026,19301
Skoda, Scala,2019,2027,19301
Skoda, Scala,2019,2028,19297
Skoda, Scala,2019,2029,19297
Skoda, Scala,2019,2030,18274
Skoda, Scala,2019,2031,18278
Skoda, Scala,2019,2032,18278
Skoda, Scala,2019,2033,18278
Skoda, Scala,2019,2034,18278
Skoda, Superb,2019,2025,20145
Skoda, Superb,2019,2026,20360
Skoda, Superb,2019,2027,20304
Skoda, Superb,2019,2028,16308
Skoda, Superb,2019,2029,16306
Skoda, Superb,2019,2030,18276
Skoda, Superb,2019,2031,25705
Skoda, Superb,2019,2032,27288
Skoda, Superb,2019,2033,25514
Skoda, Superb,2019,2034,27821
Skoda, Yeti,2014,2025,10802
Skoda, Yeti,2014,2026,10747
Skoda, Yeti,2014,2027,10531
Skoda, Yeti,2014,2028,9797
Skoda, Yeti,2014,2029,9747
Skoda, Yeti,2014,2030,9735
Skoda, Yeti,2014,2031,9806
Skoda, Yeti,2014,2032,9842
Skoda, Yeti,2014,2033,9887
Skoda, Yeti,2014,2034,9841
Skoda, Yeti Outdoor,2017,2025,11000
Skoda, Yeti Outdoor,2017,2026,10944
Skoda, Yeti Outdoor,2017,2027,10943
Skoda, Yeti Outdoor,2017,2028,10943
Skoda, Yeti Outdoor,2017,2029,11004
Skoda, Yeti Outdoor,2017,2030,9713
Skoda, Yeti Outdoor,2017,2031,9736
Skoda, Yeti Outdoor,2017,2032,9736
Skoda, Yeti Outdoor,2017,2033,9668
Skoda, Yeti Outdoor,2017,2034,9668
Toyota, Auris,2017,2025,15990
Toyota, Auris,2017,2026,15386
Toyota, Auris,2017,2027,14213
Toyota, Auris,2017,2028,15677
Toyota, Auris,2017,2029,15531
Toyota, Auris,2017,2030,23919
Toyota, Auris,2017,2031,23919
Toyota, Auris,2017,2032,23035
Toyota, Auris,2017,2033,23046
Toyota, Auris,2017,2034,23052
Toyota, Avensis,2009,2025,5913
Toyota, Avensis,2009,2026,5934
Toyota, Avensis,2009,2027,5859
Toyota, Avensis,2009,2028,5810
Toyota, Avensis,2009,2029,5842
Toyota, Avensis,2009,2030,5853
Toyota, Avensis,2009,2031,5832
Toyota, Avensis,2009,2032,5882
Toyota, Avensis,2009,2033,5880
Toyota, Avensis,2009,2034,5946
Toyota, Aygo,2016,2025,7733
Toyota, Aygo,2016,2026,7617
Toyota, Aygo,2016,2027,8098
Toyota, Aygo,2016,2028,8574
Toyota, Aygo,2016,2029,8750
Toyota, Aygo,2016,2030,8467
Toyota, Aygo,2016,2031,9367
Toyota, Aygo,2016,2032,9365
Toyota, Aygo,2016,2033,9364
Toyota, Aygo,2016,2034,9354
Toyota, C-HR,2017,2025,17563
Toyota, C-HR,2017,2026,18407
Toyota, C-HR,2017,2027,20081
Toyota, C-HR,2017,2028,21985
Toyota, C-HR,2017,2029,22042
Toyota, C-HR,2017,2030,20149
Toyota, C-HR,2017,2031,20223
Toyota, C-HR,2017,2032,20233
Toyota, C-HR,2017,2033,20211
Toyota, C-HR,2017,2034,20174
Toyota, Camry,2019,2025,27776
Toyota, Camry,2019,2026,25605
Toyota, Camry,2019,2027,24353
Toyota, Camry,2019,2028,23029
Toyota, Camry,2019,2029,21934
Toyota, Camry,2019,2030,21483
Toyota, Camry,2019,2031,20816
Toyota, Camry,2019,2032,20519
Toyota, Camry,2019,2033,19773
Toyota, Camry,2019,2034,20497
Toyota, Corolla,2019,2025,21714
Toyota, Corolla,2019,2026,21714
Toyota, Corolla,2019,2027,21751
Toyota, Corolla,2019,2028,23175
Toyota, Corolla,2019,2029,22473
Toyota, Corolla,2019,2030,26220
Toyota, Corolla,2019,2031,26220
Toyota, Corolla,2019,2032,26220
Toyota, Corolla,2019,2033,26220
Toyota, Corolla,2019,2034,26220
Toyota, GT86,2020,2025,27364
Toyota, GT86,2020,2026,27249
Toyota, GT86,2020,2027,27233
Toyota, GT86,2020,2028,27628
Toyota, GT86,2020,2029,27430
Toyota, GT86,2020,2030,26914
Toyota, GT86,2020,2031,26861
Toyota, GT86,2020,2032,26861
Toyota, GT86,2020,2033,26861
Toyota, GT86,2020,2034,26861
Toyota, Hilux,2015,2025,15202
Toyota, Hilux,2015,2026,19925
Toyota, Hilux,2015,2027,23560
Toyota, Hilux,2015,2028,26043
Toyota, Hilux,2015,2029,26106
Toyota, Hilux,2015,2030,19506
Toyota, Hilux,2015,2031,18231
Toyota, Hilux,2015,2032,18231
Toyota, Hilux,2015,2033,18260
Toyota, Hilux,2015,2034,18260
Toyota, IQ,2011,2025,5603
Toyota, IQ,2011,2026,5826
Toyota, IQ,2011,2027,5523
Toyota, IQ,2011,2028,5731
Toyota, IQ,2011,2029,5116
Toyota, IQ,2011,2030,4900
Toyota, IQ,2011,2031,4525
Toyota, IQ,2011,2032,4467
Toyota, IQ,2011,2033,5372
Toyota, IQ,2011,2034,5677
Toyota, Land Cruiser,2019,2025,50718
Toyota, Land Cruiser,2019,2026,26918
Toyota, Land Cruiser,2019,2027,29658
Toyota, Land Cruiser,2019,2028,30169
Toyota, Land Cruiser,2019,2029,30162
Toyota, Land Cruiser,2019,2030,32564
Toyota, Land Cruiser,2019,2031,26628
Toyota, Land Cruiser,2019,2032,24425
Toyota, Land Cruiser,2019,2033,24615
Toyota, Land Cruiser,2019,2034,25584
Toyota, PROACE VERSO,2020,2025,34762
Toyota, PROACE VERSO,2020,2026,35175
Toyota, PROACE VERSO,2020,2027,36173
Toyota, PROACE VERSO,2020,2028,33922
Toyota, PROACE VERSO,2020,2029,35377
Toyota, PROACE VERSO,2020,2030,33610
Toyota, PROACE VERSO,2020,2031,33529
Toyota, PROACE VERSO,2020,2032,32925
Toyota, PROACE VERSO,2020,2033,32770
Toyota, PROACE VERSO,2020,2034,33098
Toyota, Prius,2017,2025,20587
Toyota, Prius,2017,2026,20011
Toyota, Prius,2017,2027,20828
Toyota, Prius,2017,2028,20828
Toyota, Prius,2017,2029,20833
Toyota, Prius,2017,2030,20608
Toyota, Prius,2017,2031,20608
Toyota, Prius,2017,2032,20615
Toyota, Prius,2017,2033,19273
Toyota, Prius,2017,2034,19273
Toyota, RAV4,2012,2025,10638
Toyota, RAV4,2012,2026,11179
Toyota, RAV4,2012,2027,11188
Toyota, RAV4,2012,2028,11676
Toyota, RAV4,2012,2029,12840
Toyota, RAV4,2012,2030,17419
Toyota, RAV4,2012,2031,14833
Toyota, RAV4,2012,2032,14905
Toyota, RAV4,2012,2033,14942
Toyota, RAV4,2012,2034,14744
Hyundai, Karoq,2019,2025,22447
Hyundai, Karoq,2019,2026,22447
Hyundai, Karoq,2019,2027,22447
Hyundai, Karoq,2019,2028,22447
Hyundai, Karoq,2019,2029,22447
Hyundai, Karoq,2019,2030,22447
Hyundai, Karoq,2019,2031,22447
Hyundai, Karoq,2019,2032,22447
Hyundai, Karoq,2019,2033,22447
Hyundai, Karoq,2019,2034,22447
Toyota, Urban Cruiser,2011,2025,5348
Toyota, Urban Cruiser,2011,2026,6233
Toyota, Urban Cruiser,2011,2027,5669
Toyota, Urban Cruiser,2011,2028,5610
Toyota, Urban Cruiser,2011,2029,9155
Toyota, Urban Cruiser,2011,2030,9479
Toyota, Urban Cruiser,2011,2031,8542
Toyota, Urban Cruiser,2011,2032,8960
Toyota, Urban Cruiser,2011,2033,9089
Toyota, Urban Cruiser,2011,2034,9109
Toyota, Verso,2016,2025,12338
Toyota, Verso,2016,2026,14390
Toyota, Verso,2016,2027,14581
Toyota, Verso,2016,2028,14824
Toyota, Verso,2016,2029,14935
Toyota, Verso,2016,2030,15036
Toyota, Verso,2016,2031,15003
Toyota, Verso,2016,2032,14989
Toyota, Verso,2016,2033,15054
Toyota, Verso,2016,2034,15074
Toyota, Verso-S,2012,2025,6072
Toyota, Verso-S,2012,2026,5959
Toyota, Verso-S,2012,2027,6687
Toyota, Verso-S,2012,2028,6687
Toyota, Verso-S,2012,2029,6687
Toyota, Verso-S,2012,2030,6687
Toyota, Verso-S,2012,2031,6687
Toyota, Verso-S,2012,2032,6687
Toyota, Verso-S,2012,2033,6687
Toyota, Verso-S,2012,2034,6687
Toyota, Yaris,2019,2025,11989
Toyota, Yaris,2019,2026,11989
Toyota, Yaris,2019,2027,11989
Toyota, Yaris,2019,2028,11989
Toyota, Yaris,2019,2029,11989
Toyota, Yaris,2019,2030,11989
Toyota, Yaris,2019,2031,11989
Toyota, Yaris,2019,2032,11989
Toyota, Yaris,2019,2033,11989
Toyota, Yaris,2019,2034,11989
Vauxhall, Adam,2016,2025,8773
Vauxhall, Adam,2016,2026,12233
Vauxhall, Adam,2016,2027,12511
Vauxhall, Adam,2016,2028,12816
Vauxhall, Adam,2016,2029,12800
Vauxhall, Adam,2016,2030,13130
Vauxhall, Adam,2016,2031,13381
Vauxhall, Adam,2016,2032,13413
Vauxhall, Adam,2016,2033,13565
Vauxhall, Adam,2016,2034,14494
Vauxhall, Agila,2012,2025,5417
Vauxhall, Agila,2012,2026,5694
Vauxhall, Agila,2012,2027,5810
Vauxhall, Agila,2012,2028,6028
Vauxhall, Agila,2012,2029,5963
Vauxhall, Agila,2012,2030,5994
Vauxhall, Agila,2012,2031,6024
Vauxhall, Agila,2012,2032,6038
Vauxhall, Agila,2012,2033,6082
Vauxhall, Agila,2012,2034,6062
Vauxhall, Ampera,2015,2025,23714
Vauxhall, Ampera,2015,2026,59903
Vauxhall, Ampera,2015,2027,65945
Vauxhall, Ampera,2015,2028,66924
Vauxhall, Ampera,2015,2029,66924
Vauxhall, Ampera,2015,2030,66924
Vauxhall, Ampera,2015,2031,66924
Vauxhall, Ampera,2015,2032,66924
Vauxhall, Ampera,2015,2033,66924
Vauxhall, Ampera,2015,2034,66924
Vauxhall, Antara,2014,2025,11276
Vauxhall, Antara,2014,2026,11308
Vauxhall, Antara,2014,2027,11227
Vauxhall, Antara,2014,2028,11025
Vauxhall, Antara,2014,2029,10855
Vauxhall, Antara,2014,2030,10715
Vauxhall, Antara,2014,2031,10696
Vauxhall, Antara,2014,2032,10713
Vauxhall, Antara,2014,2033,10742
Vauxhall, Antara,2014,2034,10658
Vauxhall, Astra,2018,2025,11069
Vauxhall, Astra,2018,2026,14777
Vauxhall, Astra,2018,2027,13177
Vauxhall, Astra,2018,2028,12866
Vauxhall, Astra,2018,2029,12881
Vauxhall, Astra,2018,2030,11850
Vauxhall, Astra,2018,2031,11815
Vauxhall, Astra,2018,2032,11815
Vauxhall, Astra,2018,2033,11976
Vauxhall, Astra,2018,2034,11976
Vauxhall, Cascada,2014,2025,9459
Vauxhall, Cascada,2014,2026,8973
Vauxhall, Cascada,2014,2027,8469
Vauxhall, Cascada,2014,2028,8170
Vauxhall, Cascada,2014,2029,7459
Vauxhall, Cascada,2014,2030,7533
Vauxhall, Cascada,2014,2031,7476
Vauxhall, Cascada,2014,2032,7366
Vauxhall, Cascada,2014,2033,7434
Vauxhall, Cascada,2014,2034,7180
Vauxhall, Combo Life,2019,2025,25505
Vauxhall, Combo Life,2019,2026,16171
Vauxhall, Combo Life,2019,2027,16446
Vauxhall, Combo Life,2019,2028,17209
Vauxhall, Combo Life,2019,2029,17544
Vauxhall, Combo Life,2019,2030,17504
Vauxhall, Combo Life,2019,2031,17504
Vauxhall, Combo Life,2019,2032,17502
Vauxhall, Combo Life,2019,2033,17479
Vauxhall, Combo Life,2019,2034,17529
Vauxhall, Corsa,2018,2025,9144
Vauxhall, Corsa,2018,2026,9372
Vauxhall, Corsa,2018,2027,9081
Vauxhall, Corsa,2018,2028,9882
Vauxhall, Corsa,2018,2029,10657
Vauxhall, Corsa,2018,2030,10509
Vauxhall, Corsa,2018,2031,10988
Vauxhall, Corsa,2018,2032,10790
Vauxhall, Corsa,2018,2033,11127
Vauxhall, Corsa,2018,2034,12304
Vauxhall, Crossland X,2020,2025,16854
Vauxhall, Crossland X,2020,2026,15619
Vauxhall, Crossland X,2020,2027,15655
Vauxhall, Crossland X,2020,2028,16153
Vauxhall, Crossland X,2020,2029,16295
Vauxhall, Crossland X,2020,2030,16295
Vauxhall, Crossland X,2020,2031,16295
Vauxhall, Crossland X,2020,2032,16295
Vauxhall, Crossland X,2020,2033,16313
Vauxhall, Crossland X,2020,2034,16313
Vauxhall, GTC,2016,2025,10731
Vauxhall, GTC,2016,2026,9989
Vauxhall, GTC,2016,2027,8759
Vauxhall, GTC,2016,2028,11832
Vauxhall, GTC,2016,2029,12560
Vauxhall, GTC,2016,2030,13234
Vauxhall, GTC,2016,2031,15501
Vauxhall, GTC,2016,2032,15867
Vauxhall, GTC,2016,2033,23707
Vauxhall, GTC,2016,2034,23768
Vauxhall, Grandland X,2019,2025,19331
Vauxhall, Grandland X,2019,2026,22174
Vauxhall, Grandland X,2019,2027,22132
Vauxhall, Grandland X,2019,2028,21903
Vauxhall, Grandland X,2019,2029,21903
Vauxhall, Grandland X,2019,2030,21903
Vauxhall, Grandland X,2019,2031,21903
Vauxhall, Grandland X,2019,2032,21903
Vauxhall, Grandland X,2019,2033,22059
Vauxhall, Grandland X,2019,2034,22059
Vauxhall, Insignia,2017,2025,12044
Vauxhall, Insignia,2017,2026,11868
Vauxhall, Insignia,2017,2027,12861
Vauxhall, Insignia,2017,2028,12664
Vauxhall, Insignia,2017,2029,12055
Vauxhall, Insignia,2017,2030,12055
Vauxhall, Insignia,2017,2031,9701
Vauxhall, Insignia,2017,2032,9701
Vauxhall, Insignia,2017,2033,9701
Vauxhall, Insignia,2017,2034,9675
Vauxhall, Kadjar,2019,2025,16976
Vauxhall, Kadjar,2019,2026,17417
Vauxhall, Kadjar,2019,2027,18726
Vauxhall, Kadjar,2019,2028,18269
Vauxhall, Kadjar,2019,2029,19039
Vauxhall, Kadjar,2019,2030,20292
Vauxhall, Kadjar,2019,2031,22227
Vauxhall, Kadjar,2019,2032,22224
Vauxhall, Kadjar,2019,2033,22224
Vauxhall, Kadjar,2019,2034,22224
Vauxhall, Meriva,2011,2025,4672
Vauxhall, Meriva,2011,2026,4818
Vauxhall, Meriva,2011,2027,5189
Vauxhall, Meriva,2011,2028,5586
Vauxhall, Meriva,2011,2029,5419
Vauxhall, Meriva,2011,2030,5496
Vauxhall, Meriva,2011,2031,5609
Vauxhall, Meriva,2011,2032,5584
Vauxhall, Meriva,2011,2033,5518
Vauxhall, Meriva,2011,2034,5482
Vauxhall, Mokka,2014,2025,7219
Vauxhall, Mokka,2014,2026,7547
Vauxhall, Mokka,2014,2027,7713
Vauxhall, Mokka,2014,2028,8257
Vauxhall, Mokka,2014,2029,8166
Vauxhall, Mokka,2014,2030,8325
Vauxhall, Mokka,2014,2031,8321
Vauxhall, Mokka,2014,2032,8337
Vauxhall, Mokka,2014,2033,8337
Vauxhall, Mokka,2014,2034,8337
Vauxhall, Mokka X,2019,2025,14306
Vauxhall, Mokka X,2019,2026,13995
Vauxhall, Mokka X,2019,2027,15055
Vauxhall, Mokka X,2019,2028,15766
Vauxhall, Mokka X,2019,2029,17814
Vauxhall, Mokka X,2019,2030,17814
Vauxhall, Mokka X,2019,2031,17761
Vauxhall, Mokka X,2019,2032,17840
Vauxhall, Mokka X,2019,2033,17840
Vauxhall, Mokka X,2019,2034,17817
Vauxhall, Tigra,2007,2025,3132
Vauxhall, Tigra,2007,2026,3016
Vauxhall, Tigra,2007,2027,3062
Vauxhall, Tigra,2007,2028,3035
Vauxhall, Tigra,2007,2029,6438
Vauxhall, Tigra,2007,2030,6423
Vauxhall, Tigra,2007,2031,6423
Vauxhall, Tigra,2007,2032,6423
Vauxhall, Tigra,2007,2033,6423
Vauxhall, Tigra,2007,2034,6423
Vauxhall, Vectra,2005,2025,7794
Vauxhall, Vectra,2005,2026,6383
Vauxhall, Vectra,2005,2027,3184
Vauxhall, Vectra,2005,2028,2998
Vauxhall, Vectra,2005,2029,1525
Vauxhall, Vectra,2005,2030,1594
Vauxhall, Vectra,2005,2031,1522
Vauxhall, Vectra,2005,2032,1539
Vauxhall, Vectra,2005,2033,2468
Vauxhall, Vectra,2005,2034,2479
Vauxhall, Viva,2018,2025,8960
Vauxhall, Viva,2018,2026,9510
Vauxhall, Viva,2018,2027,9686
Vauxhall, Viva,2018,2028,7332
Vauxhall, Viva,2018,2029,7370
Vauxhall, Viva,2018,2030,7370
Vauxhall, Viva,2018,2031,7370
Vauxhall, Viva,2018,2032,7370
Vauxhall, Viva,2018,2033,7439
Vauxhall, Viva,2018,2034,7439
Vauxhall, Vivaro,2015,2025,11678
Vauxhall, Vivaro,2015,2026,11114
Vauxhall, Vivaro,2015,2027,11604
Vauxhall, Vivaro,2015,2028,11861
Vauxhall, Vivaro,2015,2029,11861
Vauxhall, Vivaro,2015,2030,11852
Vauxhall, Vivaro,2015,2031,11857
Vauxhall, Vivaro,2015,2032,11857
Vauxhall, Vivaro,2015,2033,11877
Vauxhall, Vivaro,2015,2034,11877
Vauxhall, Zafira,2016,2025,12448
Vauxhall, Zafira,2016,2026,12675
Vauxhall, Zafira,2016,2027,13158
Vauxhall, Zafira,2016,2028,13160
Vauxhall, Zafira,2016,2029,13141
Vauxhall, Zafira,2016,2030,13144
Vauxhall, Zafira,2016,2031,13144
Vauxhall, Zafira,2016,2032,13144
Vauxhall, Zafira,2016,2033,13144
Vauxhall, Zafira,2016,2034,13147
Vauxhall, Zafira Tourer,2017,2025,17231
Vauxhall, Zafira Tourer,2017,2026,18346
Vauxhall, Zafira Tourer,2017,2027,18341
Vauxhall, Zafira Tourer,2017,2028,18495
Vauxhall, Zafira Tourer,2017,2029,25869
Vauxhall, Zafira Tourer,2017,2030,25869
Vauxhall, Zafira Tourer,2017,2031,25869
Vauxhall, Zafira Tourer,2017,2032,25843
Vauxhall, Zafira Tourer,2017,2033,25847
Vauxhall, Zafira Tourer,2017,2034,25885
Volkswagen, Amarok,2018,2025,27756
Volkswagen, Amarok,2018,2026,28578
Volkswagen, Amarok,2018,2027,30916
Volkswagen, Amarok,2018,2028,38135
Volkswagen, Amarok,2018,2029,38293
Volkswagen, Amarok,2018,2030,52473
Volkswagen, Amarok,2018,2031,89642
Volkswagen, Amarok,2018,2032,90067
Volkswagen, Amarok,2018,2033,85854
Volkswagen, Amarok,2018,2034,85619
Volkswagen, Arteon,2019,2025,29105
Volkswagen, Arteon,2019,2026,27486
Volkswagen, Arteon,2019,2027,26777
Volkswagen, Arteon,2019,2028,26777
Volkswagen, Arteon,2019,2029,26777
Volkswagen, Arteon,2019,2030,27943
Volkswagen, Arteon,2019,2031,27994
Volkswagen, Arteon,2019,2032,28106
Volkswagen, Arteon,2019,2033,28817
Volkswagen, Arteon,2019,2034,28817
Volkswagen, Beetle,2009,2025,4375
Volkswagen, Beetle,2009,2026,4466
Volkswagen, Beetle,2009,2027,4319
Volkswagen, Beetle,2009,2028,4313
Volkswagen, Beetle,2009,2029,3606
Volkswagen, Beetle,2009,2030,3567
Volkswagen, Beetle,2009,2031,3477
Volkswagen, Beetle,2009,2032,3442
Volkswagen, Beetle,2009,2033,3293
Volkswagen, Beetle,2009,2034,3186
Volkswagen, CC,2013,2025,10971
Volkswagen, CC,2013,2026,11046
Volkswagen, CC,2013,2027,9844
Volkswagen, CC,2013,2028,10440
Volkswagen, CC,2013,2029,10508
Volkswagen, CC,2013,2030,10439
Volkswagen, CC,2013,2031,10994
Volkswagen, CC,2013,2032,11342
Volkswagen, CC,2013,2033,11382
Volkswagen, CC,2013,2034,11378
Volkswagen, Caddy,2016,2025,15427
Volkswagen, Caddy,2016,2026,15482
Volkswagen, Caddy,2016,2027,16205
Volkswagen, Caddy,2016,2028,15629
Volkswagen, Caddy,2016,2029,18244
Volkswagen, Caddy,2016,2030,19440
Volkswagen, Caddy,2016,2031,19442
Volkswagen, Caddy,2016,2032,19445
Volkswagen, Caddy,2016,2033,19425
Volkswagen, Caddy,2016,2034,19425
Volkswagen, Caddy Life,2019,2025,22201
Volkswagen, Caddy Life,2019,2026,24495
Volkswagen, Caddy Life,2019,2027,24497
Volkswagen, Caddy Life,2019,2028,35402
Volkswagen, Caddy Life,2019,2029,33404
Volkswagen, Caddy Life,2019,2030,33360
Volkswagen, Caddy Life,2019,2031,33360
Volkswagen, Caddy Life,2019,2032,33347
Volkswagen, Caddy Life,2019,2033,33347
Volkswagen, Caddy Life,2019,2034,33347
Volkswagen, Caddy Maxi,2017,2025,19912
Volkswagen, Caddy Maxi,2017,2026,19043
Volkswagen, Caddy Maxi,2017,2027,18701
Volkswagen, Caddy Maxi,2017,2028,27945
Volkswagen, Caddy Maxi,2017,2029,27963
Volkswagen, Caddy Maxi,2017,2030,27963
Volkswagen, Caddy Maxi,2017,2031,27975
Volkswagen, Caddy Maxi,2017,2032,31294
Volkswagen, Caddy Maxi,2017,2033,39501
Volkswagen, Caddy Maxi,2017,2034,58898
Volkswagen, Caddy Maxi Life,2017,2025,16422
Volkswagen, Caddy Maxi Life,2017,2026,17128
Volkswagen, Caddy Maxi Life,2017,2027,18446
Volkswagen, Caddy Maxi Life,2017,2028,22754
Volkswagen, Caddy Maxi Life,2017,2029,22094
Volkswagen, Caddy Maxi Life,2017,2030,22098
Volkswagen, Caddy Maxi Life,2017,2031,21971
Volkswagen, Caddy Maxi Life,2017,2032,21927
Volkswagen, Caddy Maxi Life,2017,2033,27666
Volkswagen, Caddy Maxi Life,2017,2034,28029
Volkswagen, California,2019,2025,60040
Volkswagen, California,2019,2026,61928
Volkswagen, California,2019,2027,62228
Volkswagen, California,2019,2028,62228
Volkswagen, California,2019,2029,62228
Volkswagen, California,2019,2030,62228
Volkswagen, California,2019,2031,62228
Volkswagen, California,2019,2032,62228
Volkswagen, California,2019,2033,62228
Volkswagen, California,2019,2034,62228
Volkswagen, Caravelle,2005,2025,4969
Volkswagen, Caravelle,2005,2026,4647
Volkswagen, Caravelle,2005,2027,3533
Volkswagen, Caravelle,2005,2028,3485
Volkswagen, Caravelle,2005,2029,3425
Volkswagen, Caravelle,2005,2030,3646
Volkswagen, Caravelle,2005,2031,4363
Volkswagen, Caravelle,2005,2032,5168
Volkswagen, Caravelle,2005,2033,7140
Volkswagen, Caravelle,2005,2034,11649
Volkswagen, Eos,2012,2025,6655
Volkswagen, Eos,2012,2026,7576
Volkswagen, Eos,2012,2027,9470
Volkswagen, Eos,2012,2028,10397
Volkswagen, Eos,2012,2029,10218
Volkswagen, Eos,2012,2030,12550
Volkswagen, Eos,2012,2031,11867
Volkswagen, Eos,2012,2032,10156
Volkswagen, Eos,2012,2033,10156
Volkswagen, Eos,2012,2034,10156
Volkswagen, Fox,2007,2025,2230
Volkswagen, Fox,2007,2026,2208
Volkswagen, Fox,2007,2027,2737
Volkswagen, Fox,2007,2028,3072
Volkswagen, Fox,2007,2029,3165
Volkswagen, Fox,2007,2030,3299
Volkswagen, Fox,2007,2031,3784
Volkswagen, Fox,2007,2032,4428
Volkswagen, Fox,2007,2033,4758
Volkswagen, Fox,2007,2034,4635
Volkswagen, Golf,2014,2025,8359
Volkswagen, Golf,2014,2026,8102
Volkswagen, Golf,2014,2027,8642
Volkswagen, Golf,2014,2028,8517
Volkswagen, Golf,2014,2029,8624
Volkswagen, Golf,2014,2030,8690
Volkswagen, Golf,2014,2031,8585
Volkswagen, Golf,2014,2032,8928
Volkswagen, Golf,2014,2033,8951
Volkswagen, Golf,2014,2034,9084
Volkswagen, Golf SV,2017,2025,10312
Volkswagen, Golf SV,2017,2026,10749
Volkswagen, Golf SV,2017,2027,11372
Volkswagen, Golf SV,2017,2028,11667
Volkswagen, Golf SV,2017,2029,12099
Volkswagen, Golf SV,2017,2030,12381
Volkswagen, Golf SV,2017,2031,13018
Volkswagen, Golf SV,2017,2032,13996
Volkswagen, Golf SV,2017,2033,14230
Volkswagen, Golf SV,2017,2034,14391
Volkswagen, Jetta,2012,2025,6295
Volkswagen, Jetta,2012,2026,6395
Volkswagen, Jetta,2012,2027,6610
Volkswagen, Jetta,2012,2028,6889
Volkswagen, Jetta,2012,2029,6560
Volkswagen, Jetta,2012,2030,6611
Volkswagen, Jetta,2012,2031,6381
Volkswagen, Jetta,2012,2032,6393
Volkswagen, Jetta,2012,2033,6492
Volkswagen, Jetta,2012,2034,6566
Volkswagen, Passat,2015,2025,10516
Volkswagen, Passat,2015,2026,10396
Volkswagen, Passat,2015,2027,10179
Volkswagen, Passat,2015,2028,10752
Volkswagen, Passat,2015,2029,11384
Volkswagen, Passat,2015,2030,11198
Volkswagen, Passat,2015,2031,10622
Volkswagen, Passat,2015,2032,10623
Volkswagen, Passat,2015,2033,10610
Volkswagen, Passat,2015,2034,10610
Volkswagen, Polo,2015,2025,8751
Volkswagen, Polo,2015,2026,8817
Volkswagen, Polo,2015,2027,8597
Volkswagen, Polo,2015,2028,9274
Volkswagen, Polo,2015,2029,8703
Volkswagen, Polo,2015,2030,9153
Volkswagen, Polo,2015,2031,9127
Volkswagen, Polo,2015,2032,8825
Volkswagen, Polo,2015,2033,8825
Volkswagen, Polo,2015,2034,8671
Volkswagen, Scirocco,2016,2025,14088
Volkswagen, Scirocco,2016,2026,18003
Volkswagen, Scirocco,2016,2027,19402
Volkswagen, Scirocco,2016,2028,20490
Volkswagen, Scirocco,2016,2029,19435
Volkswagen, Scirocco,2016,2030,19498
Volkswagen, Scirocco,2016,2031,19575
Volkswagen, Scirocco,2016,2032,20231
Volkswagen, Scirocco,2016,2033,20069
Volkswagen, Scirocco,2016,2034,20131
Volkswagen, Sharan,2017,2025,18368
Volkswagen, Sharan,2017,2026,17068
Volkswagen, Sharan,2017,2027,17193
Volkswagen, Sharan,2017,2028,16916
Volkswagen, Sharan,2017,2029,17095
Volkswagen, Sharan,2017,2030,17289
Volkswagen, Sharan,2017,2031,15839
Volkswagen, Sharan,2017,2032,15837
Volkswagen, Sharan,2017,2033,15864
Volkswagen, Sharan,2017,2034,16017
Volkswagen, Shuttle,2019,2025,31469
Volkswagen, Shuttle,2019,2026,38891
Volkswagen, Shuttle,2019,2027,37553
Volkswagen, Shuttle,2019,2028,30830
Volkswagen, Shuttle,2019,2029,30831
Volkswagen, Shuttle,2019,2030,30919
Volkswagen, Shuttle,2019,2031,30863
Volkswagen, Shuttle,2019,2032,30337
Volkswagen, Shuttle,2019,2033,30306
Volkswagen, Shuttle,2019,2034,30173
Volkswagen, T-Cross,2020,2025,20417
Volkswagen, T-Cross,2020,2026,20715
Volkswagen, T-Cross,2020,2027,28177
Volkswagen, T-Cross,2020,2028,28177
Volkswagen, T-Cross,2020,2029,28177
Volkswagen, T-Cross,2020,2030,28177
Volkswagen, T-Cross,2020,2031,28177
Volkswagen, T-Cross,2020,2032,28240
Volkswagen, T-Cross,2020,2033,28240
Volkswagen, T-Cross,2020,2034,25177
Volkswagen, T-Roc,2019,2025,21329
Volkswagen, T-Roc,2019,2026,23825
Volkswagen, T-Roc,2019,2027,33465
Volkswagen, T-Roc,2019,2028,31578
Volkswagen, T-Roc,2019,2029,31509
Volkswagen, T-Roc,2019,2030,35608
Volkswagen, T-Roc,2019,2031,70885
Volkswagen, T-Roc,2019,2032,71335
Volkswagen, T-Roc,2019,2033,71345
Volkswagen, T-Roc,2019,2034,71345
Volkswagen, Tiguan,2011,2025,9713
Volkswagen, Tiguan,2011,2026,9896
Volkswagen, Tiguan,2011,2027,10376
Volkswagen, Tiguan,2011,2028,10520
Volkswagen, Tiguan,2011,2029,10534
Volkswagen, Tiguan,2011,2030,9653
Volkswagen, Tiguan,2011,2031,9762
Volkswagen, Tiguan,2011,2032,9375
Volkswagen, Tiguan,2011,2033,8722
Volkswagen, Tiguan,2011,2034,8721
Volkswagen, Tiguan Allspace,2019,2025,29612
Volkswagen, Tiguan Allspace,2019,2026,30106
Volkswagen, Tiguan Allspace,2019,2027,32877
Volkswagen, Tiguan Allspace,2019,2028,32877
Volkswagen, Tiguan Allspace,2019,2029,32877
Volkswagen, Tiguan Allspace,2019,2030,32876
Volkswagen, Tiguan Allspace,2019,2031,32876
Volkswagen, Tiguan Allspace,2019,2032,32876
Volkswagen, Tiguan Allspace,2019,2033,34033
Volkswagen, Tiguan Allspace,2019,2034,34033
Volkswagen, Touareg,2015,2025,19866
Volkswagen, Touareg,2015,2026,19598
Volkswagen, Touareg,2015,2027,20700
Volkswagen, Touareg,2015,2028,22624
Volkswagen, Touareg,2015,2029,27929
Volkswagen, Touareg,2015,2030,46126
Volkswagen, Touareg,2015,2031,46126
Volkswagen, Touareg,2015,2032,46192
Volkswagen, Touareg,2015,2033,46574
Volkswagen, Touareg,2015,2034,46574
Volkswagen, Touran,2016,2025,15220
Volkswagen, Touran,2016,2026,17038
Volkswagen, Touran,2016,2027,17614
Volkswagen, Touran,2016,2028,17765
Volkswagen, Touran,2016,2029,18581
Volkswagen, Touran,2016,2030,20472
Volkswagen, Touran,2016,2031,20564
Volkswagen, Touran,2016,2032,20564
Volkswagen, Touran,2016,2033,20623
Volkswagen, Touran,2016,2034,20666
Volkswagen, Up,2014,2025,5061
Volkswagen, Up,2014,2026,6601
Volkswagen, Up,2014,2027,6797
Volkswagen, Up,2014,2028,6814
Volkswagen, Up,2014,2029,7263
Volkswagen, Up,2014,2030,7277
Volkswagen, Up,2014,2031,7263
Volkswagen, Up,2014,2032,7240
Volkswagen, Up,2014,2033,7240
Volkswagen, Up,2014,2034,7212
